,user_input,reference
0,What is the command used to export a model to ONNX format using optimum-cli?,optimum-cli export onnx --model local_path --task question-answering distilbert_base_uncased_squad_onnx/.
1,What limitation does the MPS backend have when training with multiple GPUs?,"The MPS backend does not support backends for distributed setups like gloo and nccl, meaning training can only occur on a single GPU."
2,Who proposed the EfficientNet model and for what purpose?,The EfficientNet model was proposed by Mingxing Tan and Quoc V. Le with the purpose of achieving state-of-the-art accuracy in image classification while being significantly smaller and faster than previous models.
3,What is the main advantage of using Masked-attention Mask Transformer (Mask2Former) over specialized architectures for image segmentation tasks?,"Mask2Former can address any image segmentation task (panoptic, instance, or semantic) using a unified architecture, thereby reducing the research effort needed for designing specialized architectures for each task."
4,What is the primary task described in the text regarding images?,"To create functions that apply transformations to a batch of images simultaneously, rather than individually."
5,What does the variable 'generated_ids' store after executing the provided code?,'generated_ids' stores the results of the text generation process performed by the model using 'pixel_values' as input.
6,What are the key components used in the text for running a language model?,"The key components include 'FalconMambaForCausalLM.from_pretrained' for loading the model, 'tokenizer' for encoding input text, and 'model.generate' for generating output."
7,How are class names mapped to integers in the given text?,"Class names are mapped to integers using the dictionary 'label2id', where class names are keys, and integers are the values."
8,"What is the main architectural feature of Qwen2MoE, and how is it different from dense language models?","Qwen2MoE employs Mixture of Experts (MoE) architecture, which is different from dense language models because it activates only a subset of its parameters during runtime, as opposed to using all parameters."
9,What is the purpose of using the 'BlenderbotTokenizer' in the given text?,The 'BlenderbotTokenizer' is used to tokenize the input utterance so that it can be processed by the 'BlenderbotForConditionalGeneration' model.
10,"What addition has been made to the object detection head in OWLv2 compared to OWL-ViT, and what is its function?","OWLv2 includes an objectness classifier in the object detection head, predicting the likelihood that a box contains an object rather than background."
11,What is the primary purpose of the bridge between uni-modal and cross-modal encoders as mentioned in the text?,"To enable comprehensive and detailed interaction at each layer of the cross-modal encoder, thus enhancing performance on various tasks while minimizing extra performance and computational costs."
12,What is the primary goal of the JetMoe project?,To provide LLaMA2-level performance and an efficient language model on a limited budget.
13,What must be ensured when using the [Trainer] class with non-Transformers models?,"When using the [Trainer] class with your own model, you need to ensure that it is properly optimized for the specific behavior of the class as it is primarily designed for ðŸ¤— Transformers models."
14,What is the purpose of the scaled dot-product attention (SDPA) operator in PyTorch?,"The scaled dot-product attention (SDPA) operator in PyTorch is used to efficiently perform attention mechanisms by scaling dot-products, optimizing performance based on input types and available hardware."
15,What is the primary function of the XLS-R model as mentioned in the abstract?,The primary function of the XLS-R model is cross-lingual speech representation learning.
16,"What is the FalconMamba model, and which organization proposed it?",The FalconMamba model is a proposal made by the Technology Innovation Institute (TII) from the UAE.
17,What was the recent release made by Google according to the text provided?,The text does not provide information on any specific recent release made by Google.
18,What is the primary objective of the Graphormer model proposed by Chengxuan Ying and colleagues?,"The primary objective of the Graphormer model is to allow computations on graphs by generating embeddings and features of interest during preprocessing and collation, using a modified attention mechanism."
19,What is the primary purpose of running the 'accelerate config' command when setting up a training environment?,The 'accelerate config' command creates a configuration file that helps automatically set up the correct training environment based on the selected training options.
20,What are the specific tasks on which the model XLM-V was tested?,"The model XLM-V was tested on natural language inference (XNLI), question answering (MLQA, XQuAD, TyDiQA), named entity recognition (WikiAnn), and low-resource tasks (Americas NLI, MasakhaNER)."
21,What happens if you don't specify a model while initializing the pipeline?,The pipeline is automatically initialized with google/vit-base-patch16-224.
22,What is the purpose of using the 'pipeline' function in the given text?,"The 'pipeline' function is used to create a speech recognizer model for automatic speech recognition, specifically utilizing the 'facebook/wav2vec2-base-960h' model."
23,What was the top-1 accuracy achieved by the base-size BEiT model on ImageNet-1K?,The base-size BEiT model achieved a top-1 accuracy of 83.2% on ImageNet-1K.
24,What resource can be used to access Qwen1.5-MoE-A2.7B and its chat variant?,Both Qwen1.5-MoE-A2.7B and Qwen1.5-MoE-A2.7B-Chat can be found on the Huggingface Hub.
25,What precision is required to host the whole model in memory for execution?,Float16 precision is needed to host the whole model in memory.
26,What is the primary innovative feature of the GroupViT model as described in the text?,GroupViT's ability to group image regions into progressively larger arbitrary-shaped segments beyond the regular grid structure.
27,What two key techniques does the text mention that improve model pretraining and performance of downstream tasks?,The use of disentangled matrices for attention weights and an enhanced mask decoder to replace the output softmax layer.
28,What are the two ways to utilize the trained tokenizer according to the text?,The trained tokenizer can be used in the current runtime or saved to a JSON file for future reuse.
29,What command can you run to check how GPUs are inter-connected on a machine?,The command is `nvidia-smi topo -m`. 
